,City,Country,Lat,Lng,Max Temp,Humidity,Cloudiness,Wind Speed,Current Description
0,Presidencia Roque Saenz Pena,AR,-26.7852,-60.4388,78.78,64,32,11.92,scattered clouds
1,Rocha,UY,-34.4833,-54.3333,67.6,89,100,5.28,overcast clouds
2,Castro,BR,-24.7911,-50.0119,75.43,60,85,3.74,overcast clouds
3,Rikitea,PF,-23.1203,-134.9692,76.73,74,11,16.35,few clouds
4,Vilaka,LV,57.1846,27.6722,30.78,98,100,3.49,overcast clouds
5,Khasan,RU,42.4308,130.6434,36.48,60,70,3.27,broken clouds
6,East London,ZA,-33.0153,27.9116,69.12,74,26,5.84,scattered clouds
7,Sampaloc,PH,14.5402,121.3602,72.46,93,100,4.65,overcast clouds
8,Kaitangata,NZ,-46.2817,169.8464,58.39,50,100,6.93,overcast clouds
9,Hermanus,ZA,-34.4187,19.2345,63.55,84,75,7.61,broken clouds
10,Vaini,TO,-21.2,-175.2,80.76,74,20,9.22,few clouds
11,Hilo,US,19.7297,-155.09,78.53,65,40,10.36,scattered clouds
12,Saskylakh,RU,71.9167,114.0833,-19.86,100,100,4.43,overcast clouds
13,Jamestown,US,42.097,-79.2353,36.72,100,90,9.22,mist
14,Mataura,NZ,-46.1927,168.8643,58.6,51,84,3.69,broken clouds
15,Butaritari,KI,3.0707,172.7902,81.61,78,86,13.18,overcast clouds
16,Nouadhibou,MR,20.931,-17.0347,69.78,64,100,20.71,overcast clouds
17,Lugovoy,KZ,42.9472,72.7644,28.22,62,8,4.03,clear sky
18,Constitucion,CL,-35.3333,-72.4167,63.14,57,6,20.83,clear sky
19,Punta Arenas,CL,-53.15,-70.9167,50.11,62,75,29.93,light rain
20,Nurota,UZ,40.5614,65.6886,32.09,51,3,3.6,clear sky
21,Saint Anthony,US,45.0205,-93.218,39.13,31,1,11.5,clear sky
22,Cidreira,BR,-30.1811,-50.2056,72.3,87,100,8.61,overcast clouds
23,Mar Del Plata,AR,-38.0023,-57.5575,66.22,88,90,14.97,moderate rain
24,Hobart,AU,-42.8794,147.3294,53.46,76,0,9.22,clear sky
25,Avon Park,US,27.5959,-81.5062,69.55,38,100,4.85,overcast clouds
26,Torbay,CA,47.6666,-52.7314,45.37,70,75,13.8,broken clouds
27,Richards Bay,ZA,-28.783,32.0377,73.22,72,0,13.4,clear sky
28,Walvis Bay,NA,-22.9575,14.5053,59.95,88,0,5.75,clear sky
29,Khatanga,RU,71.9667,102.5,-8.03,98,100,9.31,overcast clouds
30,Kapaa,US,22.0752,-159.319,80.92,61,40,11.5,scattered clouds
31,Tuktoyaktuk,CA,69.4541,-133.0374,-9.4,70,75,17.27,light snow
32,Atuona,PF,-9.8,-139.0333,78.53,72,1,18.23,clear sky
33,Bathsheba,BB,13.2167,-59.5167,84.81,70,40,14.97,scattered clouds
34,Cape Town,ZA,-33.9258,18.4232,63.01,94,40,4.61,scattered clouds
35,Busselton,AU,-33.65,115.3333,61.63,80,38,7.92,scattered clouds
36,Puerto Ayora,EC,-0.7393,-90.3518,78.76,81,85,10.18,overcast clouds
37,Hearst,CA,49.6835,-83.6665,23.25,93,100,6.98,overcast clouds
38,Georgetown,MY,5.4112,100.3354,76.95,88,20,0.0,few clouds
39,La Palma,US,33.8464,-118.0467,83.21,22,1,5.75,clear sky
40,Carnarvon,AU,-24.8667,113.6333,75.27,64,0,14.97,clear sky
41,Adrar,MR,20.5022,-10.0711,62.19,32,0,11.25,clear sky
42,Mabaruma,GY,8.2,-59.7833,78.49,83,100,5.61,overcast clouds
43,Ushuaia,AR,-54.8,-68.3,46.06,71,40,20.71,light rain
44,Lebu,CL,-37.6167,-73.65,56.28,70,5,19.35,clear sky
45,Mahanoro,MG,-19.9,48.8,70.11,90,100,6.69,light rain
46,La Baule-Escoublac,FR,47.2922,-2.364,38.61,93,0,2.3,clear sky
47,Ucluelet,CA,48.9329,-125.5528,52.11,94,100,4.21,overcast clouds
48,Bengkulu,ID,-3.8004,102.2655,75.85,85,100,4.72,overcast clouds
49,Nikolskoye,RU,59.7035,30.7861,24.69,92,96,5.37,overcast clouds
50,Norman Wells,CA,65.282,-126.8329,-30.96,61,75,2.3,broken clouds
51,Surgut,RU,61.25,73.4167,15.98,92,90,6.71,light snow
52,Albany,US,42.6001,-73.9662,30.85,84,91,2.98,overcast clouds
53,Ancud,CL,-41.8697,-73.8203,58.53,69,73,9.15,broken clouds
54,Sume,BR,-7.6717,-36.88,87.6,37,43,16.15,scattered clouds
55,Talnakh,RU,69.4865,88.3972,-16.1,98,72,2.37,broken clouds
56,Bud,US,39.447,-86.1758,44.69,43,22,15.03,few clouds
57,Goderich,CA,43.7501,-81.7165,34.12,86,100,6.91,moderate rain
58,Lagoa,PT,39.05,-27.9833,60.39,55,63,1.9,broken clouds
59,Laguna,US,38.421,-121.4238,71.42,59,1,5.75,clear sky
60,Biskamzha,RU,53.4497,89.5272,14.2,97,99,4.65,overcast clouds
61,Gwanda,ZW,-20.9333,29.0,73.06,52,17,6.55,few clouds
62,Pevek,RU,69.7008,170.3133,1.9,89,100,1.79,overcast clouds
63,Carora,VE,10.1755,-70.0827,84.2,56,98,7.58,overcast clouds
64,Upernavik,GL,72.7868,-56.1549,-9.53,80,8,11.07,clear sky
65,Faya,SA,18.3851,42.4509,57.31,38,0,5.26,clear sky
66,Yellowknife,CA,62.456,-114.3525,18.12,93,90,12.66,light snow
67,Zaysan,KZ,47.4667,84.8667,11.68,88,24,0.38,few clouds
68,Isangel,VU,-19.55,169.2667,81.21,75,100,7.25,overcast clouds
69,Kruisfontein,ZA,-34.0033,24.7314,63.09,78,2,17.54,clear sky
70,Te Anau,NZ,-45.4167,167.7167,58.91,47,22,0.81,few clouds
71,Port Hedland,AU,-20.3167,118.5667,75.25,78,27,4.61,scattered clouds
72,Vardo,NO,70.3705,31.1107,17.58,86,75,16.11,light snow
73,Havoysund,NO,70.9963,24.6622,14.23,90,55,11.3,broken clouds
74,Muroto,JP,33.2833,134.15,53.56,60,2,3.71,clear sky
75,Iqaluit,CA,63.7506,-68.5145,24.53,68,90,11.5,overcast clouds
76,Ruidoso,US,33.3317,-105.673,59.14,18,1,10.36,clear sky
77,Aras,ES,42.5617,-2.356,37.81,87,90,13.8,light rain
78,Saint-Philippe,RE,-21.3585,55.7679,76.55,83,42,3.65,scattered clouds
79,Nanortalik,GL,60.1432,-45.2371,41.18,93,100,13.42,overcast clouds
80,Port-Cartier,CA,50.0334,-66.8654,30.42,66,100,13.73,overcast clouds
81,Avarua,CK,-21.2078,-159.775,78.85,61,20,6.91,few clouds
82,Ballinrobe,IE,53.6333,-9.2333,44.71,90,100,2.53,overcast clouds
83,Chokurdakh,RU,70.6333,147.9167,-39.03,100,79,0.58,broken clouds
84,Bandarbeyla,SO,9.4942,50.8122,77.7,75,36,18.81,scattered clouds
85,George,ZA,-33.963,22.4617,63.95,82,90,8.05,overcast clouds
86,Ust-Tsilma,RU,65.441,52.1498,13.06,94,100,6.71,light snow
87,Abu Samrah,SY,35.3029,37.1841,60.57,57,5,6.4,clear sky
88,Bredasdorp,ZA,-34.5322,20.0403,62.89,81,12,5.19,few clouds
89,Esik,KZ,43.3552,77.4525,17.02,48,0,7.43,clear sky
90,Campeche,MX,19.0,-90.5,87.33,41,100,4.7,overcast clouds
91,Mahebourg,MU,-20.4081,57.7,73.69,83,20,3.44,few clouds
92,Coahuayana,MX,18.7333,-103.6833,90.88,41,0,7.4,clear sky
93,Westport,US,41.1415,-73.3579,41.14,80,90,6.91,overcast clouds
94,Bereda,ES,43.2686,-7.5406,49.75,96,100,6.4,overcast clouds
95,Qaanaaq,GL,77.484,-69.3632,-8.21,77,23,8.23,few clouds
96,Nuevo Progreso,MX,23.1667,-97.95,71.11,71,99,12.41,overcast clouds
97,Namikupa,TZ,-10.8333,39.6,69.15,95,6,1.68,clear sky
98,Dagda,LV,56.0951,27.5372,29.19,97,100,4.16,overcast clouds
99,Miyako,JP,39.6367,141.9525,38.3,73,3,4.76,clear sky
100,Bambous Virieux,MU,-20.3428,57.7575,73.65,83,20,3.44,few clouds
101,Encarnacion,PY,-27.3333,-55.9,72.12,94,75,0.0,broken clouds
102,Marzuq,YE,14.4,46.4667,63.93,30,0,4.7,clear sky
103,Merritt,CA,50.1123,-120.7942,47.43,94,100,5.84,overcast clouds
104,New Norfolk,AU,-42.7826,147.0587,53.1,74,58,2.35,broken clouds
105,Kamenka,RU,51.3223,42.7678,41.86,94,100,8.39,overcast clouds
106,Bluff,NZ,-46.6,168.3333,55.81,68,53,19.35,broken clouds
107,Guerrero Negro,MX,27.9769,-114.0611,78.13,34,0,8.57,clear sky
108,Urucui,BR,-7.2294,-44.5561,83.21,68,92,2.28,overcast clouds
109,Ekibastuz,KZ,51.6667,75.3667,9.7,76,35,6.49,scattered clouds
110,Coihaique,CL,-45.5752,-72.0662,57.81,97,100,7.63,overcast clouds
111,Bumba,CD,2.1833,22.4667,73.96,86,100,2.93,overcast clouds
112,Werda,BW,-25.2667,23.2833,76.41,27,0,1.97,clear sky
113,Nioro,GM,13.35,-15.75,86.61,22,31,12.55,scattered clouds
114,Lorengau,PG,-2.0226,147.2712,80.91,79,98,2.39,overcast clouds
115,Siavonga,ZM,-16.5382,28.7088,78.17,42,20,6.91,few clouds
116,Juegang,CN,32.3174,121.1855,55.72,90,25,6.58,scattered clouds
117,Nara,JP,34.6851,135.8049,42.08,64,36,2.71,scattered clouds
118,Shenjiamen,CN,29.9576,122.298,61.34,89,100,7.85,overcast clouds
119,Haines Junction,CA,60.7522,-137.5108,-3.95,97,100,1.23,overcast clouds
120,Port Elizabeth,ZA,-33.918,25.5701,66.49,72,0,24.16,clear sky
121,Doha,QA,25.2867,51.5333,71.58,48,0,8.05,clear sky
122,Kesova Gora,RU,57.5836,37.2922,32.22,95,100,4.83,overcast clouds
123,Hastinapur,IN,29.1667,78.0167,59.41,44,0,4.68,clear sky
124,Marovoay,MG,-16.1,46.6333,80.74,92,34,2.53,moderate rain
125,Kyshtovka,RU,56.555,76.6271,11.7,96,76,7.25,broken clouds
126,Saint George,US,37.1041,-113.5841,75.67,23,1,0.0,clear sky
127,Aklavik,CA,68.2191,-135.0107,-12.17,70,40,16.11,scattered clouds
128,Hithadhoo,MV,-0.6,73.0833,81.37,75,66,17.43,broken clouds
129,Saldanha,ZA,-33.0117,17.9442,64.45,85,26,5.35,scattered clouds
130,Muyezerskiy,RU,63.9333,31.65,4.21,99,98,3.15,overcast clouds
131,Cherskiy,RU,68.75,161.3,-11.42,99,100,6.53,overcast clouds
132,Bury,GB,53.6,-2.3,31.21,89,41,3.27,scattered clouds
133,Arraial Do Cabo,BR,-22.9661,-42.0278,78.76,83,20,6.91,few clouds
134,Antonina,BR,-25.4286,-48.7119,94.68,81,100,3.09,overcast clouds
135,Rawson,AR,-43.3002,-65.1023,75.24,25,65,11.7,broken clouds
136,Astana,KZ,51.1801,71.446,-0.45,85,61,6.71,broken clouds
137,Port Alfred,ZA,-33.5906,26.891,66.2,80,6,10.4,clear sky
138,Chiang Khong,TH,20.2613,100.4046,62.92,89,42,2.35,scattered clouds
139,Agboville,CI,5.928,-4.2132,75.72,93,29,3.22,scattered clouds
140,Filadelfia,US,39.9523,-75.1638,53.74,44,40,9.22,scattered clouds
141,Mahon,ES,39.8885,4.2658,46.96,81,20,11.5,few clouds
142,Alice,US,27.7523,-98.0697,71.49,56,1,12.66,clear sky
143,Cabo San Lucas,MX,22.8909,-109.9124,79.9,65,90,0.0,overcast clouds
144,Airai,TL,-8.9266,125.4092,60.44,89,100,1.5,overcast clouds
145,De Aar,ZA,-30.6497,24.0123,65.71,48,1,7.16,clear sky
146,Puerto Penasco,MX,31.3167,-113.5333,75.76,35,0,8.75,clear sky
147,Chimbote,PE,-9.0853,-78.5783,69.12,79,100,9.35,overcast clouds
148,Bongor,TD,10.2806,15.3722,79.32,16,26,6.17,scattered clouds
149,Rust,DE,48.2667,7.7333,35.85,98,100,1.48,light rain
150,Tasiilaq,GL,65.6145,-37.6368,26.76,96,97,2.39,overcast clouds
151,Krasnoselkup,RU,65.7,82.4667,-19.01,100,73,5.26,broken clouds
152,Kampot,KH,10.6167,104.1833,76.6,83,100,12.97,overcast clouds
153,Semnan,IR,35.5729,53.3971,46.8,56,1,2.39,clear sky
154,Camana,PE,-16.6228,-72.7111,69.31,75,74,7.25,broken clouds
155,Antofagasta,CL,-23.65,-70.4,65.48,69,28,8.79,scattered clouds
156,Vila Franca Do Campo,PT,37.7167,-25.4333,59.41,67,95,4.9,overcast clouds
157,Staryy Nadym,RU,65.6118,72.6842,-8.88,96,100,8.19,overcast clouds
158,Victoria,HK,22.2855,114.1577,69.78,67,34,6.04,scattered clouds
159,Smithers,CA,54.7804,-127.1743,37.72,93,75,5.75,broken clouds
160,Aswan,EG,24.0934,32.907,74.5,31,0,8.05,clear sky
161,Whitehorse,CA,60.7161,-135.0538,-5.03,84,20,3.44,few clouds
162,Thompson,CA,55.7435,-97.8558,5.16,85,40,6.91,scattered clouds
163,The Valley,AI,18.217,-63.0578,85.86,74,20,9.22,few clouds
164,Buin,CL,-33.7333,-70.75,86.32,11,0,7.76,clear sky
165,Altus,US,34.6381,-99.334,65.71,25,1,3.44,clear sky
166,Kununurra,AU,-15.7667,128.7333,75.18,94,47,0.0,scattered clouds
167,Lompoc,US,34.6391,-120.4579,79.11,18,1,5.75,clear sky
168,Jurm,AF,36.8648,70.8342,40.68,84,100,3.2,overcast clouds
169,Galle,LK,6.0367,80.217,76.78,87,100,2.8,overcast clouds
170,Dawlatabad,AF,36.4141,64.9053,50.76,56,0,4.85,clear sky
171,Axim,GH,4.8699,-2.2405,79.88,81,100,6.53,overcast clouds
172,Bandar-E Anzali,IR,37.4727,49.4622,56.61,84,34,1.14,scattered clouds
173,Ondangwa,NA,-17.9167,15.95,76.98,49,100,13.51,overcast clouds
174,Barrow,US,71.2906,-156.7887,-11.18,70,90,13.8,haze
175,Palana,RU,59.1167,159.9667,11.55,94,100,8.03,snow
176,Saint-Georges,GD,12.0564,-61.7485,85.68,74,40,19.57,scattered clouds
177,San Patricio,US,28.017,-97.5169,72.01,62,100,10.16,overcast clouds
178,Falam,MM,22.9167,93.6833,50.0,96,9,1.66,clear sky
179,Festus,US,38.2206,-90.396,55.31,33,40,9.6,scattered clouds
180,Mariinsk,RU,56.2139,87.7472,17.71,90,100,12.17,overcast clouds
181,Nicoya,CR,10.1483,-85.452,87.35,71,56,11.03,broken clouds
182,Faanui,PF,-16.4833,-151.75,81.41,74,98,11.27,overcast clouds
183,Gurupa,BR,-1.405,-51.64,82.62,66,100,2.71,overcast clouds
184,Duluth,US,46.7833,-92.1066,34.86,50,20,16.11,few clouds
185,Le Mars,US,42.7942,-96.1656,47.71,42,1,10.36,clear sky
186,Mangochi,MW,-14.4782,35.2645,74.91,56,0,5.59,clear sky
187,Russell,US,32.3502,-85.1999,55.11,54,90,3.44,overcast clouds
188,Dikson,RU,73.5069,80.5464,-15.25,100,100,11.92,overcast clouds
189,Hamilton,US,39.1834,-84.5333,47.25,42,1,13.8,clear sky
190,Vostok,RU,46.4856,135.8833,18.46,89,97,5.21,overcast clouds
191,Bulaevo,KZ,54.9056,70.4439,14.16,86,100,7.49,overcast clouds
192,Malakal,SS,9.5334,31.6605,84.52,35,0,1.83,clear sky
193,Springbok,ZA,-29.6643,17.8865,57.38,82,14,3.83,few clouds
194,Sao Filipe,CV,14.8961,-24.4956,76.8,70,95,14.7,overcast clouds
195,Semey,KZ,50.4111,80.2275,14.61,81,11,9.93,few clouds
196,Ratnapura,LK,6.6828,80.3992,74.5,95,100,1.97,overcast clouds
197,Broken Hill,AU,-31.95,141.4333,64.11,68,10,5.75,clear sky
198,Iralaya,HN,15.0,-83.2333,80.53,62,36,11.48,scattered clouds
199,Chapais,CA,49.7834,-74.8492,15.58,94,100,4.05,overcast clouds
200,Ponta Delgada,PT,37.7333,-25.6667,59.72,77,75,8.05,broken clouds
201,Hasaki,JP,35.7333,140.8333,32.4,48,2,0.89,clear sky
202,Manta,EC,-0.95,-80.7333,82.18,69,20,13.8,few clouds
203,Moree,AU,-29.4667,149.85,68.02,77,75,9.22,broken clouds
204,Provideniya,RU,64.3833,-173.3,-3.89,50,0,6.71,clear sky
205,Nokaneng,BW,-19.6667,22.2667,79.52,48,100,8.5,overcast clouds
206,Mayo,US,38.8876,-76.5119,57.24,57,60,2.08,broken clouds
207,Beringovskiy,RU,63.05,179.3167,3.65,96,98,5.01,overcast clouds
208,Analipsis,GR,35.3167,25.5667,73.54,56,100,15.21,overcast clouds
209,Liwale,TZ,-9.7667,37.9333,72.5,81,63,4.27,broken clouds
210,Ponta Do Sol,PT,32.6667,-17.1,65.03,77,51,8.61,broken clouds
211,Narsaq,GL,60.9167,-46.05,37.62,99,100,2.95,moderate rain
212,Labuan,MY,5.2767,115.2417,75.56,100,40,3.44,scattered clouds
213,Christchurch,NZ,-43.5333,172.6333,57.4,88,90,8.05,overcast clouds
214,Vizinga,RU,61.0749,50.1031,33.71,98,100,10.63,light rain
215,Tres Arroyos,AR,-38.3739,-60.2798,65.53,71,100,8.75,overcast clouds
216,Sampit,ID,-2.5333,112.95,70.74,97,100,2.35,overcast clouds
217,Akureyri,IS,65.6835,-18.0878,28.33,100,75,4.61,snow
218,Raton,US,36.9034,-104.4391,62.94,19,1,8.05,clear sky
219,Luganville,VU,-15.5333,167.1667,82.18,75,5,4.94,clear sky
220,Nogliki,RU,51.8333,143.1667,22.14,86,100,6.78,overcast clouds
221,Nizhniy Bestyakh,RU,61.9594,129.9086,-2.72,78,40,6.71,scattered clouds
222,Talcahuano,CL,-36.7167,-73.1167,65.88,45,0,23.02,clear sky
223,Torrington,US,41.8007,-73.1212,35.55,88,100,4.59,overcast clouds
224,Filingue,NE,14.3521,3.3168,83.89,11,100,6.44,overcast clouds
225,Basco,PH,20.4487,121.9702,78.31,85,99,26.84,moderate rain
226,Bethel,US,41.3712,-73.414,37.98,75,90,3.44,overcast clouds
227,Touros,BR,-5.1989,-35.4608,85.1,77,53,10.87,broken clouds
228,Uvat,RU,59.1433,68.8953,21.99,82,100,10.2,overcast clouds
229,Yerbogachen,RU,61.2767,108.0108,-4.13,100,100,2.66,overcast clouds
230,Hofn,IS,64.2539,-15.2082,31.17,97,100,9.8,snow
231,Dingle,PH,10.9995,122.6711,75.07,94,48,7.16,scattered clouds
232,Umm Kaddadah,SD,13.6017,26.6876,73.74,24,3,11.54,clear sky
233,Bonavista,CA,48.6499,-53.1147,39.2,79,10,16.8,clear sky
234,Gayeri,BF,12.6497,0.4931,81.07,14,100,8.72,overcast clouds
235,Ambilobe,MG,-13.2,49.05,75.61,87,68,2.68,broken clouds
236,Chkalovskoye,RU,44.8392,133.0436,30.65,82,48,10.0,scattered clouds
237,Ilulissat,GL,69.2167,-51.1,17.62,53,100,2.3,overcast clouds
238,Berdigestyakh,RU,62.0989,126.6992,-7.37,100,99,4.09,overcast clouds
239,Lodwar,KE,3.1191,35.5973,82.08,56,93,13.58,overcast clouds
240,Portland,US,45.5234,-122.6762,62.58,69,75,14.97,broken clouds
241,Koster,ZA,-25.863,26.8976,66.58,50,22,8.37,few clouds
242,Fajardo,PR,18.3258,-65.6524,84.13,70,1,9.22,clear sky
243,Beckley,US,37.7782,-81.1882,49.89,49,20,12.66,few clouds
244,Aden,YE,12.7794,45.0367,80.22,64,2,6.17,clear sky
245,Hokitika,NZ,-42.7167,170.9667,65.16,75,99,1.77,overcast clouds
246,Longyearbyen,SJ,78.2186,15.6401,10.24,56,75,23.02,broken clouds
247,Klaksvik,FO,62.2266,-6.589,36.52,63,100,7.56,overcast clouds
248,Thunder Bay,CA,48.4001,-89.3168,30.18,59,75,13.8,broken clouds
249,Aksarka,RU,66.5606,67.7975,-1.98,93,100,3.98,overcast clouds
250,Olafsvik,IS,64.8945,-23.7142,41.23,95,100,11.1,overcast clouds
251,Beyneu,KZ,45.3167,55.2,36.0,45,70,9.57,broken clouds
252,Puerto Del Rosario,ES,28.5004,-13.8627,65.95,63,20,21.85,few clouds
253,Santa Maria,BR,-29.6842,-53.8069,74.5,83,75,3.44,broken clouds
254,Ust-Kulom,RU,61.6864,53.6902,29.77,96,100,8.05,light snow
255,Coquimbo,CL,-29.9533,-71.3436,64.13,72,0,14.97,clear sky
256,Geraldton,AU,-28.7667,114.6,68.41,88,90,8.05,light rain
257,Kearney,US,40.6995,-99.0815,58.12,37,1,20.71,clear sky
258,Kashi,CN,39.4547,75.9797,27.61,46,0,4.47,clear sky
259,Ginda,IN,30.6945,78.4932,44.2,22,0,7.09,clear sky
260,Okhotsk,RU,59.3833,143.3,-6.93,85,10,18.57,clear sky
261,Praya,CV,14.9215,-23.5087,75.74,69,40,24.16,scattered clouds
262,Robe,AU,-37.1833,139.75,56.23,67,0,3.38,clear sky
263,Tilichiki,RU,60.4667,166.1,22.28,93,100,10.31,light snow
264,Mmabatho,ZA,-25.85,25.6333,74.23,48,48,7.83,scattered clouds
265,Grinnell,US,41.743,-92.7224,45.91,24,1,10.36,clear sky
266,Tucuma,BR,-0.1833,-50.05,81.5,76,100,7.83,overcast clouds
267,Ribeira Grande,PT,38.5167,-28.7,61.2,67,20,6.91,few clouds
268,Mezen,RU,65.8522,44.24,9.52,90,100,8.16,overcast clouds
269,Maceio,BR,-9.6658,-35.7353,83.64,74,40,11.5,light rain
270,Tarko-Sale,RU,64.9225,77.785,-18.44,100,84,4.65,broken clouds
271,Danjiangkou,CN,32.5428,111.5086,48.52,63,71,1.7,broken clouds
272,Jibuti,DJ,11.5,42.5,76.42,63,0,10.0,clear sky
273,Dunedin,NZ,-45.8742,170.5036,60.78,53,71,2.57,broken clouds
274,Gracac,HR,44.3006,15.8547,40.75,97,100,5.55,overcast clouds
275,Bilma,NE,18.6853,12.9164,75.85,16,100,7.05,overcast clouds
276,Mogadishu,SO,2.0371,45.3438,81.21,77,42,9.91,scattered clouds
277,Siauliai,LT,55.9333,23.3167,30.22,100,75,4.61,broken clouds
278,Lavrentiya,RU,65.5833,-171.0,-13.04,92,3,6.82,clear sky
279,Cockburn Town,TC,21.4612,-71.1419,80.56,65,40,8.05,scattered clouds
280,Madimba,TZ,-10.4,40.3333,77.68,82,94,5.57,overcast clouds
281,San Pedro De Ycuamandiyu,PY,-24.0917,-57.0764,73.22,94,87,6.22,overcast clouds
282,Souillac,MU,-20.5167,57.5167,73.78,83,20,3.44,few clouds
283,Poum,NC,-20.2333,164.0167,79.75,76,39,5.01,scattered clouds
284,Lewistown,US,40.5992,-77.5714,40.41,87,90,0.0,overcast clouds
285,Bulgan,MN,48.8125,103.5347,11.28,76,54,5.53,broken clouds
286,Trairi,BR,-3.2778,-39.2689,81.48,75,45,11.56,scattered clouds
287,Chuy,UY,-33.6971,-53.4616,66.07,96,100,4.14,moderate rain
288,Vila Velha,BR,-20.3297,-40.2925,76.95,83,75,14.97,broken clouds
289,Goianesia,BR,-15.3175,-49.1175,76.32,83,38,2.19,scattered clouds
290,Esperance,AU,-33.8667,121.9,64.24,89,95,16.08,overcast clouds
291,Amahai,ID,-3.3333,128.9167,78.26,85,88,3.53,overcast clouds
292,Berlevag,NO,70.8578,29.0864,10.35,72,36,31.07,scattered clouds
293,Derveni,GR,38.1333,22.4167,61.61,84,89,5.91,overcast clouds
294,Aykhal,RU,66.0,111.5,-13.05,97,100,3.56,overcast clouds
295,Epe,NG,6.5841,3.9834,79.63,85,91,5.44,overcast clouds
296,Itarema,BR,-2.9248,-39.9167,81.48,75,26,15.64,scattered clouds
297,Floirac,FR,44.8324,-0.5141,40.82,87,75,3.44,broken clouds
298,Bargur,IN,12.5424,78.3539,67.15,97,95,3.2,overcast clouds
299,Awjilah,LY,29.1081,21.2869,76.35,20,100,12.48,overcast clouds
300,Severo-Kurilsk,RU,50.6789,156.125,32.68,93,100,11.95,light snow
301,Jaicos,BR,-7.3592,-41.1378,86.81,46,92,2.89,overcast clouds
302,Majene,ID,-3.5403,118.9707,77.7,86,100,8.68,light rain
303,Bacolod,PH,10.6667,122.95,76.66,85,32,6.8,scattered clouds
304,Labytnangi,RU,66.6572,66.4183,-4.23,94,100,2.51,overcast clouds
305,Leningradskiy,RU,69.3833,178.4167,-20.92,94,89,11.32,overcast clouds
306,Naguabo,PR,18.2116,-65.7349,84.02,70,1,9.22,clear sky
307,Minbu,MM,20.1833,94.8833,69.31,76,38,5.01,scattered clouds
308,Karratha,AU,-20.7377,116.8463,80.71,63,34,3.18,scattered clouds
309,San Cristobal,VE,7.7669,-72.225,78.98,58,57,2.3,broken clouds
310,Sakakah,SA,29.9697,40.2064,60.37,34,3,4.63,clear sky
311,Panjab,AF,34.388,67.0233,24.75,86,7,1.01,clear sky
312,Mchinji,MW,-13.7984,32.8802,66.56,61,2,3.83,clear sky
313,Elko,US,41.0002,-115.5012,50.02,28,1,3.65,clear sky
314,Ossora,RU,59.2353,163.0719,31.87,97,100,23.58,snow
315,Shache,CN,38.4167,77.2406,28.65,39,42,3.29,scattered clouds
316,Anadyr,RU,64.75,177.4833,1.9,85,90,2.24,light snow
317,Bornheim,DE,50.7667,7.0,37.65,87,40,9.22,scattered clouds
318,Kailua,US,21.4022,-157.7394,80.58,65,20,12.66,few clouds
319,Bethanien,NA,-26.502,17.1583,69.44,34,0,5.37,clear sky
320,Ziyang,CN,29.2497,117.8547,52.99,92,69,2.04,broken clouds
321,Krasnyye Chetai,RU,55.6887,46.1386,33.96,100,100,7.25,overcast clouds
322,Nemuro,JP,43.3236,145.575,41.85,70,6,11.43,clear sky
323,Labuhan,ID,-6.8844,112.2051,75.88,90,100,3.13,light rain
324,Husavik,IS,66.0449,-17.3389,28.31,95,100,5.06,light snow
325,Yuryevets,RU,57.3201,43.1041,34.03,93,100,11.16,overcast clouds
326,Lasa,IT,46.6166,10.7002,31.08,94,100,6.78,overcast clouds
327,Sabzevar,IR,36.2126,57.6819,50.34,45,99,1.95,overcast clouds
328,Egvekinot,RU,66.3167,-179.1667,-6.0,98,100,1.21,overcast clouds
329,Ulaanbaatar,MN,47.9077,106.8832,1.53,85,75,2.24,light snow
330,Jieshi,CN,22.8134,115.8257,65.59,75,22,7.85,few clouds
331,Mecca,SA,21.4267,39.8261,78.94,55,0,2.15,clear sky
332,Steamboat Springs,US,40.485,-106.8317,55.11,41,1,3.44,clear sky
333,Tagusao,PH,9.1924,117.8141,79.65,81,100,5.19,overcast clouds
334,Luderitz,NA,-26.6481,15.1594,61.3,84,8,8.93,clear sky
335,Codrington,AU,-38.2667,141.9667,54.66,77,1,8.21,clear sky
336,Belaya Gora,RU,68.5333,146.4167,-20.83,99,100,1.63,overcast clouds
337,Biri,PH,12.6833,124.3636,81.45,81,90,13.51,overcast clouds
338,Ixtapa,MX,20.7,-105.2,86.81,44,88,6.96,overcast clouds
339,Biak,ID,-0.9131,122.8766,75.97,83,100,4.23,overcast clouds
340,Marsa Matruh,EG,31.3525,27.2453,64.6,63,0,4.61,clear sky
341,Mayfield,US,36.7417,-88.6367,55.15,40,1,10.02,clear sky
342,Kavieng,PG,-2.5744,150.7967,81.84,78,64,8.41,moderate rain
343,Wajima,JP,37.4,136.9,46.22,63,100,6.42,overcast clouds
344,Buchanan,LR,5.8808,-10.0467,78.76,83,25,9.08,scattered clouds
345,Ostrovnoy,RU,68.0531,39.5131,15.76,84,100,8.37,light snow
346,Nhulunbuy,AU,-12.2333,136.7667,75.81,88,75,0.0,broken clouds
347,Acarau,BR,-2.8856,-40.12,81.73,75,20,16.78,few clouds
348,Rae Bareli,IN,26.2167,81.2333,62.73,50,81,4.94,broken clouds
349,Turukhansk,RU,65.8167,87.9833,-13.65,100,90,2.8,overcast clouds
350,Praia Da Vitoria,PT,38.7333,-27.0667,55.65,94,20,3.04,few clouds
351,Ahipara,NZ,-35.1667,173.1667,68.65,64,92,2.13,overcast clouds
352,Farafangana,MG,-22.8167,47.8333,68.99,67,99,3.76,overcast clouds
353,Odesskoye,RU,54.2111,72.9651,11.43,88,73,6.4,broken clouds
354,Cururupu,BR,-1.8283,-44.8683,79.61,79,59,3.76,broken clouds
355,Pyaozerskiy,RU,65.8333,31.1667,6.93,96,95,0.96,overcast clouds
356,Gonaives,HT,19.45,-72.6833,82.38,61,21,5.46,few clouds
357,Gorelki,RU,54.2747,37.6183,33.01,95,100,5.79,overcast clouds
358,Bonthe,SL,7.5264,-12.505,80.1,80,6,6.06,clear sky
359,Bouloupari,NC,-21.8667,166.05,80.51,67,47,2.48,scattered clouds
360,Gawler,AU,-34.6,138.7333,58.51,39,0,3.2,clear sky
361,Nyazepetrovsk,RU,56.0531,59.6028,24.01,66,98,5.26,overcast clouds
362,Barcelona,ES,41.3888,2.159,44.11,61,20,12.66,few clouds
363,Assiniboia,CA,49.6334,-105.9845,51.62,50,77,18.41,broken clouds
364,Mapiripan,CO,2.8892,-72.1256,83.28,76,61,5.08,broken clouds
365,Hami,CN,42.8,93.45,24.67,56,0,4.38,clear sky
366,Northam,GB,51.0333,-4.2167,38.82,71,72,20.6,broken clouds
367,Ternate,ID,0.8,127.4,78.78,81,100,1.45,overcast clouds
368,Ketchikan,US,55.3422,-131.6461,37.87,87,75,5.75,broken clouds
369,Puerto Carreno,CO,6.189,-67.4859,91.18,50,85,9.35,overcast clouds
370,Zhigansk,RU,66.7697,123.3711,-7.89,99,100,5.66,overcast clouds
371,Katsuura,JP,35.1333,140.3,42.91,56,5,2.06,clear sky
372,Namatanai,PG,-3.6667,152.4333,81.16,79,77,5.82,light rain
373,Moron,AR,-34.6534,-58.6198,65.89,95,100,6.89,light rain
374,Mandalgovi,MN,45.7625,106.2708,14.32,86,42,13.76,scattered clouds
375,Viedma,AR,-40.8135,-62.9967,74.21,24,0,8.97,clear sky
376,Nabire,ID,-3.3667,135.4833,75.99,90,97,3.56,overcast clouds
377,Alofi,NU,-19.0595,-169.9187,80.49,57,40,13.8,scattered clouds
378,Zhangye,CN,38.9342,100.4517,18.66,62,22,3.42,few clouds
379,Bauchi,NG,10.5,10.0,72.39,21,63,3.96,broken clouds
380,Grindavik,IS,63.8424,-22.4338,43.27,100,90,12.66,light intensity drizzle
381,Virginia Beach,US,36.8529,-75.978,62.64,29,75,10.36,broken clouds
382,Hervey Bay,AU,-25.2986,152.8535,71.71,87,52,14.18,broken clouds
383,Yumen,CN,40.2833,97.2,20.01,47,0,14.88,clear sky
384,Diffa,NE,13.3154,12.6113,75.45,15,44,6.58,scattered clouds
385,Baleshwar,IN,21.4942,86.9317,64.06,53,39,5.12,scattered clouds
386,Gamba,GA,-2.65,10.0,77.09,89,57,7.2,moderate rain
387,Goulburn,AU,-34.75,149.7167,50.47,85,94,5.75,overcast clouds
388,Itoman,JP,26.1247,127.6694,70.57,76,75,12.66,light rain
389,San Jose,US,37.3394,-121.895,71.42,46,20,3.44,haze
390,Wenling,CN,28.3669,121.36,59.38,92,87,8.48,overcast clouds
391,Korla,CN,41.7597,86.1469,23.05,53,0,3.11,clear sky
392,Itaituba,BR,-4.2761,-55.9836,91.56,58,40,4.61,scattered clouds
393,Teseney,ER,15.11,36.6575,82.35,42,1,12.86,clear sky
394,Qaqortoq,GL,60.7167,-46.0333,37.9,98,100,9.19,light rain
395,Yatou,CN,37.15,122.3833,49.87,86,99,3.42,overcast clouds
396,Minab,IR,27.1467,57.0801,71.1,79,3,2.46,clear sky
397,Wanaka,NZ,-44.7,169.15,62.94,47,8,3.36,clear sky
398,Malkangiri,IN,18.35,81.9,68.32,71,97,2.17,overcast clouds
399,Half Moon Bay,US,37.4636,-122.4286,66.38,65,1,0.0,clear sky
400,Nantucket,US,41.2835,-70.0995,42.91,75,90,6.91,light rain
401,Jinchang,CN,38.4953,102.1739,23.16,50,89,7.31,overcast clouds
402,Mongo,TD,12.1844,18.693,78.8,15,22,3.91,few clouds
403,Severo-Yeniseyskiy,RU,60.3725,93.0408,10.58,90,100,11.86,overcast clouds
404,Samarai,PG,-10.6167,150.6667,82.06,81,100,8.86,overcast clouds
405,Wattegama,LK,6.7989,81.4808,74.21,95,99,2.66,overcast clouds
406,Ukiah,US,39.1502,-123.2078,67.89,56,1,0.0,clear sky
407,Belmonte,BR,-15.8631,-38.8828,80.6,84,33,14.47,scattered clouds
408,Voh,NC,-20.9667,164.7,83.86,65,53,2.3,broken clouds
409,Toba,JP,34.4833,136.85,39.2,60,58,5.68,broken clouds
410,Conceicao Do Araguaia,BR,-8.2578,-49.2647,77.22,91,100,3.38,overcast clouds
411,Jalu,LY,29.0331,21.5482,75.81,21,100,11.77,overcast clouds
412,Port-Gentil,GA,-0.7193,8.7815,80.56,83,20,8.05,light rain
413,Sekoma,BW,-24.4,23.8833,75.52,48,4,9.13,clear sky
414,Iwanai,JP,42.9744,140.5089,39.72,86,100,6.49,overcast clouds
415,Shumskiy,RU,54.8318,99.1328,24.15,68,100,11.65,overcast clouds
416,Waipawa,NZ,-41.4122,175.5153,63.23,67,71,5.5,broken clouds
417,Camacha,PT,33.0833,-16.3333,61.56,63,40,10.36,scattered clouds
418,Dali,CN,25.7,100.1833,43.38,79,1,2.44,clear sky
419,Mozhaysk,RU,55.5019,36.0272,32.65,92,100,4.21,overcast clouds
420,Riachao Das Neves,BR,-11.7461,-44.91,72.01,93,65,6.55,broken clouds
421,Schuttorf,DE,52.3167,7.2333,33.94,90,93,7.29,overcast clouds
422,Cheremukhovo,RU,60.3484,59.9851,24.49,87,100,7.0,overcast clouds
423,Davidson,US,36.1501,-86.7833,53.89,46,40,8.05,scattered clouds
424,Bilibino,RU,68.0546,166.4372,-1.19,98,97,3.0,overcast clouds
425,San Luis De Palenque,CO,5.4214,-71.7317,87.71,53,99,5.66,overcast clouds
426,Tigil,RU,57.8,158.6667,-2.69,93,100,5.3,overcast clouds
427,Sulangan,PH,11.1373,123.7228,81.48,80,65,9.95,broken clouds
428,Progreso,MX,21.2833,-89.6667,79.41,66,64,10.16,broken clouds
429,Port Said,EG,31.2565,32.2841,69.78,88,0,4.61,clear sky
430,Port Lincoln,AU,-34.7333,135.8667,61.21,70,1,5.79,clear sky
431,Alexandria,EG,31.2156,29.9553,67.96,83,0,5.75,clear sky
432,Kitimat,CA,54.0524,-128.6534,41.38,100,100,5.19,light rain
433,Javanrud,IR,34.7961,46.5172,48.31,66,13,8.08,few clouds
434,Henties Bay,NA,-22.116,14.2845,60.13,91,0,7.81,clear sky
435,Lubumbashi,CD,-11.6609,27.4794,65.62,77,58,2.19,broken clouds
436,Pingyi,CN,35.5006,117.6308,46.17,89,7,1.95,clear sky
437,Beian,NO,63.6559,9.5683,21.29,93,20,18.41,few clouds
438,Sistranda,NO,63.7256,8.834,21.16,70,92,16.55,light snow
439,Along,IN,28.1667,94.7667,51.49,64,0,1.79,clear sky
440,Padang,ID,-0.9492,100.3543,75.94,88,96,2.93,overcast clouds
441,Bhinmal,IN,25.0,72.25,70.52,40,25,2.64,scattered clouds
442,Meulaboh,ID,4.1363,96.1285,74.34,91,100,4.52,moderate rain
443,Rivera,UY,-30.9053,-55.5508,65.84,95,100,4.16,overcast clouds
444,Pisco,PE,-13.7,-76.2167,71.65,68,0,23.02,clear sky
445,Temba,ZA,-25.3803,28.2631,71.89,51,2,6.55,clear sky
446,Cusuna,HN,15.85,-85.2333,79.32,67,21,5.66,few clouds
447,Kastamonu,TR,41.5,33.6667,44.17,79,69,1.74,broken clouds
448,Colares,PT,38.7992,-9.4469,57.97,88,75,13.8,broken clouds
449,Grand Gaube,MU,-20.0064,57.6608,73.8,70,6,7.23,clear sky
450,Dakar,SN,14.6937,-17.4441,77.13,73,0,4.61,clear sky
451,Clyde River,CA,70.4692,-68.5914,-3.77,84,100,14.97,light snow
452,Oktyabrskoye,RU,43.0645,44.7417,32.14,93,98,4.47,overcast clouds
453,Bayanday,RU,53.0661,105.5139,9.37,96,100,4.88,overcast clouds
454,Cap Malheureux,MU,-19.9842,57.6142,73.89,71,6,7.54,clear sky
455,Smidovich,RU,48.6,133.8167,21.58,96,100,7.34,light snow
456,Orlik,RU,52.5178,99.825,3.45,91,100,4.41,overcast clouds
457,Kavaratti,IN,10.5669,72.642,81.0,78,98,15.66,overcast clouds
458,Svetlyy,RU,54.675,20.1347,35.65,92,100,8.19,light rain
459,Biloela,AU,-24.4167,150.5,74.62,81,81,10.47,broken clouds
460,Gacko,BA,43.1672,18.5353,41.13,98,100,18.3,overcast clouds
461,Alanya,TR,36.5438,31.9998,60.93,68,5,5.55,clear sky
462,Araouane,ML,18.9048,-3.5265,73.29,24,5,11.41,clear sky
463,Los Llanos De Aridane,ES,28.6585,-17.9182,64.15,73,75,19.57,broken clouds
464,Adre,TD,13.4667,22.2,73.58,18,0,11.72,clear sky
465,Trelew,AR,-43.249,-65.3051,78.85,16,63,15.99,broken clouds
466,Sitka,US,57.0531,-135.33,35.49,64,75,13.8,light rain
467,Tshane,BW,-24.0196,21.8684,78.1,31,6,7.49,clear sky
468,Zhangjiakou,CN,40.81,114.8794,30.04,61,100,5.97,overcast clouds
469,Dire Dawa,ET,9.5931,41.8661,67.73,51,4,3.06,clear sky
470,Jiangyan,CN,32.5061,120.1428,54.03,90,90,4.45,overcast clouds
471,Benguela,AO,-12.5763,13.4055,75.88,81,98,6.2,overcast clouds
472,Abnub,EG,27.2696,31.1511,68.22,21,69,5.64,broken clouds
473,Awbari,LY,26.5921,12.7805,72.46,24,99,8.23,overcast clouds
474,Colesberg,ZA,-30.72,25.0972,64.65,44,1,6.42,clear sky
475,Karlshamn,SE,56.1706,14.8619,34.29,87,100,16.64,light snow
476,Kodiak,US,57.79,-152.4072,8.11,56,1,5.75,clear sky
477,Necochea,AR,-38.5473,-58.7368,63.57,86,100,12.84,overcast clouds
478,Balkanabat,TM,39.5108,54.3671,54.25,40,10,3.76,clear sky
479,Malibu,US,34.005,-118.8101,83.68,36,0,6.42,clear sky
480,Mount Isa,AU,-20.7333,139.5,76.77,29,90,10.36,overcast clouds
481,Mangan,IN,27.5167,88.5333,57.16,51,46,6.13,scattered clouds
482,Sept-Iles,CA,50.2001,-66.3821,30.72,69,75,10.36,broken clouds
483,Kahului,US,20.8947,-156.47,80.62,61,20,18.41,few clouds
484,Rondonopolis,BR,-16.4708,-54.6356,83.86,70,87,5.37,overcast clouds
485,Batticaloa,LK,7.7102,81.6924,79.02,84,94,6.44,overcast clouds
486,Novyy Rogachik,RU,48.6768,44.0608,41.9,91,96,8.16,overcast clouds
487,Ojinaga,MX,29.5667,-104.4167,67.15,52,1,4.61,clear sky
488,Fortuna,US,40.5982,-124.1573,53.94,100,90,0.0,overcast clouds
489,Santiago Del Estero,AR,-27.7951,-64.2615,88.3,20,0,12.62,clear sky
490,La Orilla,MX,17.9833,-102.2333,84.42,55,4,10.11,clear sky
491,Alice Springs,AU,-23.7,133.8833,56.75,77,0,0.0,clear sky
492,Gravdal,NO,68.1214,13.5031,28.08,93,75,2.3,light snow
493,Hambantota,LK,6.1241,81.1185,76.66,89,99,5.93,overcast clouds
494,Altay,CN,47.8667,88.1167,14.36,67,5,6.87,clear sky
495,Nelson Bay,AU,-32.7167,152.15,62.65,74,100,6.15,overcast clouds
496,Port Augusta,AU,-32.5,137.7667,57.34,44,0,5.84,clear sky
497,Rio Gallegos,AR,-51.6226,-69.2181,68.05,15,75,39.12,broken clouds
498,Tupik,RU,54.4253,119.9327,-3.69,98,79,2.57,broken clouds
499,Kimbe,PG,-5.5502,150.1429,79.2,85,100,1.88,overcast clouds
500,Sheoganj,IN,25.15,73.0667,68.45,43,14,3.96,few clouds
501,Nyimba,ZM,-14.5566,30.8149,72.19,55,0,6.91,clear sky
502,Asau,RO,46.4333,26.4,41.92,72,100,4.79,overcast clouds
503,Myanaung,MM,18.2833,95.3167,69.78,84,77,7.54,broken clouds
504,Natal,BR,-5.795,-35.2094,84.85,74,20,12.66,few clouds
505,Yar-Sale,RU,66.8333,70.8333,-6.25,94,100,8.1,overcast clouds
506,Tuatapere,NZ,-46.1333,167.6833,58.75,46,22,3.49,few clouds
507,Merauke,ID,-8.4667,140.3333,79.97,80,100,3.74,overcast clouds
508,Nador,MA,35.174,-2.9287,55.65,58,20,20.71,few clouds
509,Salaverry,PE,-8.2333,-78.9667,64.78,89,100,8.84,overcast clouds
510,Trat,TH,12.5,102.5,71.24,87,100,7.31,light rain
511,Makakilo City,US,21.3469,-158.0858,77.32,69,75,9.22,broken clouds
512,San Luis,AR,-33.295,-66.3356,74.64,19,0,15.59,clear sky
513,Teknaf,BD,20.8624,92.3058,68.85,66,33,6.15,scattered clouds
514,Lleida,ES,41.6167,0.6167,45.09,87,90,17.27,overcast clouds
515,Beloha,MG,-25.1667,45.05,64.02,66,4,14.9,clear sky
516,Warrnambool,AU,-38.3833,142.4833,53.64,83,0,10.18,clear sky
517,Madang,PG,-5.2246,145.7966,76.86,90,91,4.29,overcast clouds
518,Chara,RU,56.9064,118.2631,-11.96,85,100,0.09,overcast clouds
519,Sorland,NO,67.667,12.6934,31.86,60,100,14.76,overcast clouds
520,Irtyshskiy,RU,58.3333,68.1333,21.52,82,100,9.98,overcast clouds
521,Vargem Alta,BR,-20.6714,-41.0069,68.56,93,32,1.3,scattered clouds
522,Porto Novo,BJ,6.4965,2.6036,84.02,79,90,8.05,overcast clouds
523,Santa Vitoria Do Palmar,BR,-33.5189,-53.3681,66.42,97,100,4.21,light rain
524,Cilegon,ID,-6.0174,106.0538,76.89,86,100,12.59,overcast clouds
525,Kalianget,ID,-7.05,113.9333,74.91,91,100,4.79,light rain
526,Alwar Tirunagari,IN,8.6,77.95,75.6,93,100,9.82,heavy intensity rain
527,Shatsk,RU,54.0258,41.7119,34.63,100,100,5.48,overcast clouds
528,Ouahigouya,BF,13.5828,-2.4216,81.97,13,93,9.13,overcast clouds
529,Porto Santo,PT,33.072,-16.3415,64.31,63,40,10.36,scattered clouds
530,Say,NE,13.1007,2.3689,86.56,15,100,6.71,overcast clouds
531,Urubicha,BO,-15.3833,-62.95,87.89,52,83,5.68,broken clouds
532,Vao,NC,-22.6667,167.4833,75.92,88,22,21.56,few clouds
533,Rock Sound,BS,24.9,-76.2,75.92,65,35,2.1,scattered clouds
534,Yaan,NG,7.3833,8.5667,81.73,31,90,0.6,overcast clouds
535,Kangaatsiaq,GL,68.3065,-53.4641,20.79,65,100,25.19,overcast clouds
536,Tiarei,PF,-17.5333,-149.3333,84.22,79,74,16.2,light rain
537,Manoel Urbano,BR,-8.8389,-69.2597,78.69,93,100,2.3,overcast clouds
538,Zemetchino,RU,53.4973,42.6163,35.02,100,100,5.73,overcast clouds
539,Tambo Grande,PE,-4.9269,-80.3447,90.36,36,71,12.68,broken clouds
540,Muravlenko,RU,63.7898,74.523,-3.53,96,100,7.38,overcast clouds
541,Mangrol,IN,21.1167,70.1167,76.37,51,79,5.41,broken clouds
542,Nome,US,64.5011,-165.4064,-21.93,76,1,3.44,clear sky
543,Yabelo,ET,4.8833,38.0833,59.32,85,84,8.93,broken clouds
544,Flinders,AU,-34.5833,150.8552,56.48,69,64,3.22,broken clouds
545,Oranjemund,NA,-28.55,16.4333,63.21,88,90,5.01,overcast clouds
546,Lubango,AO,-14.9172,13.4925,64.49,51,99,1.3,overcast clouds
547,Magadan,RU,59.5667,150.8,15.44,85,100,3.49,light snow
548,Visby,SE,57.6409,18.296,32.22,86,90,8.05,overcast clouds
549,Batagay-Alyta,RU,67.8006,130.4114,-19.62,93,98,4.14,overcast clouds
550,Mizdah,LY,31.4451,12.9801,57.22,70,9,22.77,clear sky
551,Harper,LR,4.375,-7.7169,79.3,81,64,5.08,broken clouds
552,Sira,IN,13.7453,76.9092,67.78,95,100,7.2,overcast clouds
553,Tiksi,RU,71.6872,128.8694,-13.72,99,99,6.53,overcast clouds
554,Krasnyy Chikoy,RU,50.3643,108.7512,10.78,96,100,1.86,overcast clouds
555,Corumba,BR,-19.0092,-57.6533,93.11,49,75,8.05,broken clouds
556,Karaton,ID,-6.3424,106.1045,75.36,95,100,4.63,overcast clouds
557,Novyy Svit,UA,47.8059,38.0211,51.71,98,100,13.69,overcast clouds
558,Russellville,US,35.2784,-93.1338,60.53,40,0,4.79,clear sky
559,Inongo,CD,-1.95,18.2667,70.83,91,96,1.54,overcast clouds
560,Tibiri,NE,13.5627,7.0485,78.04,12,100,9.26,overcast clouds
561,Sungairaya,ID,0.7,108.9,73.83,88,97,4.92,overcast clouds
562,North Bend,US,43.4065,-124.2243,53.51,100,90,6.91,mist
563,Yanam,IN,16.7333,82.2167,75.63,80,100,6.33,overcast clouds
564,Vanimo,PG,-2.6741,141.3028,77.32,89,99,5.5,overcast clouds
565,Najran,SA,17.4924,44.1277,63.25,37,3,0.51,clear sky
566,Reisterstown,US,39.4696,-76.8294,53.49,67,98,8.86,overcast clouds
567,Skelleftea,SE,64.7507,20.9528,8.96,85,90,5.75,overcast clouds
568,Remedios,CU,22.4947,-79.5458,75.54,71,57,7.45,broken clouds
569,Bridgetown,BB,13.1,-59.6167,84.69,70,40,14.97,scattered clouds
570,Ifo,NG,6.8144,3.1958,83.82,78,98,6.38,overcast clouds
571,Fairbanks,US,64.8378,-147.7164,-29.2,75,1,0.0,clear sky
572,Stara Synyava,UA,49.6032,27.6191,41.61,94,69,7.11,broken clouds
573,Yongan,CN,39.6957,113.6871,33.82,85,100,3.89,overcast clouds
574,Shingu,JP,33.7333,135.9833,43.18,70,0,5.08,clear sky
575,Pachelma,RU,53.2443,43.3521,34.93,100,100,5.93,overcast clouds
576,Payakumbuh,ID,-0.2202,100.6308,68.11,96,99,3.87,overcast clouds
577,San Rafael Del Sur,NI,11.8485,-86.4384,90.57,47,0,6.8,clear sky
578,Cuamba,MZ,-14.8031,36.5372,71.92,60,0,3.71,clear sky
579,Soe,ID,-9.8607,124.284,67.28,88,100,3.2,overcast clouds
580,Smoky Lake,CA,54.1169,-112.4686,36.36,93,100,5.75,overcast clouds
581,Cairns,AU,-16.9167,145.7667,76.95,88,90,4.61,light intensity shower rain
582,Jizan,SA,17.3333,42.6667,81.54,66,1,3.91,clear sky
583,Winnemucca,US,40.973,-117.7357,53.65,32,1,4.61,clear sky
584,Hutchinson,US,38.0608,-97.9298,55.35,33,1,6.91,clear sky
585,Abadan,IR,30.3392,48.3043,57.15,58,0,9.22,clear sky
586,Jamapa,MX,19.0333,-96.2333,77.95,70,100,8.88,overcast clouds
587,Ambon,ID,-3.6954,128.1814,81.45,74,97,3.4,overcast clouds
588,Muros,ES,42.7762,-9.0603,52.3,82,77,13.85,broken clouds
589,Wad Madani,SD,14.4012,33.5199,86.18,32,0,10.31,clear sky
590,San Andres,CO,12.5847,-81.7006,80.62,89,75,11.5,broken clouds
591,Deputatskiy,RU,69.3,139.9,-12.33,96,100,5.1,overcast clouds
592,Matara,LK,5.9485,80.5353,75.13,91,100,3.8,light rain
593,Sur,OM,22.5667,59.5289,73.51,59,0,0.89,clear sky
594,Birjand,IR,32.8663,59.2211,43.27,49,0,9.22,clear sky
595,Ugoofaaru,MV,5.6667,73.0,80.02,80,99,12.88,heavy intensity rain
596,Mocuba,MZ,-16.8392,36.9856,67.42,84,0,0.25,clear sky
597,Swan River,CA,52.1058,-101.2676,17.49,86,100,6.91,overcast clouds
598,Imatra,FI,61.1719,28.7524,19.78,86,100,9.73,overcast clouds
599,Fatehpur,IN,25.9333,80.8,63.19,47,92,4.23,overcast clouds
600,Verkh-Usugli,RU,52.7,115.1667,1.29,94,100,1.92,overcast clouds
601,Mangai,CD,-4.05,19.5333,69.64,97,94,0.67,overcast clouds
602,Khandbari,NP,27.3747,87.2039,54.27,70,12,3.38,few clouds
603,Pochutla,MX,15.7432,-96.4661,85.05,49,98,6.62,overcast clouds
604,Evensk,RU,61.95,159.2333,15.71,95,100,3.65,light snow
605,Henderson,US,36.0397,-114.9819,72.59,12,1,5.75,clear sky
606,Mehamn,NO,71.0357,27.8492,14.18,92,36,15.05,scattered clouds
607,Flin Flon,CA,54.7682,-101.865,15.64,73,90,5.75,overcast clouds
608,Ertil,RU,51.8406,40.8056,42.04,95,100,7.09,overcast clouds
609,Jaroslaw,PL,50.0162,22.6778,40.91,93,100,12.37,light rain
610,Kudahuvadhoo,MV,2.6708,72.8944,82.74,69,98,16.67,overcast clouds
611,Grand-Lahou,CI,5.1367,-5.0242,79.48,83,4,7.94,light rain
612,High Rock,BS,26.6208,-78.2833,75.22,62,88,4.85,overcast clouds
613,Cedar City,US,37.6775,-113.0619,58.06,25,0,3.83,clear sky
614,Zolotyy Potik,UA,48.9095,25.3393,41.09,85,82,7.38,broken clouds
615,Sambava,MG,-14.2667,50.1667,76.6,85,48,7.96,light rain
616,Inuvik,CA,68.3499,-133.7218,-11.99,77,75,11.5,light snow
617,San Quintin,MX,30.4833,-115.95,72.54,36,0,10.83,clear sky
618,Shirokiy,RU,49.758,129.523,12.9,85,100,12.41,overcast clouds
619,New Amsterdam,GY,6.25,-57.5167,79.03,80,63,5.17,broken clouds
620,Mosquera,CO,4.7059,-74.2302,64.49,68,40,11.5,scattered clouds
621,Carson City,US,39.1638,-119.7674,65.14,26,1,0.0,clear sky
622,Heerenveen,NL,52.95,5.9333,42.78,63,19,11.88,few clouds
623,Honiara,SB,-9.4333,159.95,82.56,77,100,2.91,overcast clouds
624,Hudson Bay,CA,52.85,-102.3842,23.85,84,100,6.17,overcast clouds
625,Aberdeen,GB,57.1437,-2.0981,34.29,93,75,12.66,broken clouds
626,Policoro,IT,40.2115,16.6726,54.9,68,57,15.1,broken clouds
627,Quatre Cocos,MU,-20.2078,57.7625,73.51,71,4,4.79,clear sky
628,Luwuk,ID,-0.9516,122.7875,77.07,84,100,3.85,moderate rain
629,Ciudad Bolivar,VE,8.1222,-63.5497,85.96,58,100,8.32,overcast clouds
630,Sorong,ID,-0.8833,131.25,78.48,85,100,4.41,overcast clouds
631,Salobrena,ES,36.7428,-3.5872,41.7,45,4,13.27,clear sky
632,Ilesha,NG,7.1371,5.2583,75.0,87,21,3.09,few clouds
633,Iwaki,JP,37.05,140.8833,40.48,65,0,5.95,clear sky
634,Marystown,CA,47.1666,-55.1483,43.75,81,90,11.99,overcast clouds
635,Eyl,SO,7.9803,49.8164,77.45,72,38,15.9,scattered clouds
636,Mbanza-Ngungu,CD,-5.25,14.8667,69.08,91,100,3.0,light rain
637,Luena,AO,-11.7833,19.9167,62.49,97,100,4.09,light rain
638,Tahta,EG,26.7693,31.5021,68.11,16,80,4.18,broken clouds
639,Buala,SB,-8.145,159.5921,82.69,78,79,7.11,light rain
640,Lianyuan,CN,27.6883,111.6642,53.37,64,48,1.99,scattered clouds
641,Si Chiang Mai,TH,17.9564,102.5867,63.59,81,86,0.43,overcast clouds
642,Goure,NE,13.9835,10.2704,75.0,13,11,8.05,few clouds
643,Tautira,PF,-17.7333,-149.15,84.22,80,90,18.66,light rain
644,Brae,GB,60.3964,-1.353,31.91,54,100,6.82,overcast clouds
645,Gander,CA,48.9682,-54.5906,39.33,70,20,20.71,few clouds
646,Oyon,PE,-10.6681,-76.7731,46.51,96,100,6.31,overcast clouds
647,Parasia,IN,22.2,78.7667,58.62,45,100,3.71,overcast clouds
648,Florianopolis,BR,-27.6146,-48.5012,72.63,78,75,12.66,light rain
649,Bajil,YE,15.0584,43.2851,81.32,62,0,3.51,clear sky
650,Barabai,ID,-2.5833,115.3833,72.14,98,100,0.47,overcast clouds
651,Zhezkazgan,KZ,47.8043,67.7144,21.09,70,51,9.95,broken clouds
652,Sinazongwe,ZM,-17.2614,27.4618,78.75,47,5,5.46,clear sky
653,Banda Aceh,ID,5.5577,95.3222,77.36,82,98,2.84,overcast clouds
654,Tura,IN,25.5198,90.2201,59.22,62,5,3.49,clear sky
655,Alta Gracia,AR,-31.6529,-64.4283,75.97,25,4,11.92,clear sky
656,Garowe,SO,8.4054,48.4845,73.98,51,12,12.15,few clouds
657,Saint Pete Beach,US,27.7253,-82.7412,69.85,47,100,11.23,overcast clouds
658,Ituporanga,BR,-27.4144,-49.6025,78.28,74,100,0.22,overcast clouds
659,Veraval,IN,20.9,70.3667,76.35,46,57,6.15,broken clouds
660,Derzhavinsk,KZ,51.1,66.3167,8.91,77,100,4.03,overcast clouds
661,Abu Dhabi,AE,24.4667,54.3667,77.11,57,0,8.05,clear sky
662,Rorvik,NO,64.8621,11.2373,21.31,73,0,12.66,clear sky
663,Hobbs,US,32.7026,-103.136,61.39,27,0,6.6,clear sky
664,Hisai,JP,34.6667,136.4667,39.0,69,65,2.75,broken clouds
665,Qorveh,IR,35.1664,47.8045,44.22,56,41,5.99,scattered clouds
666,Vestmanna,FO,62.1564,-7.1664,34.72,80,90,4.61,light intensity drizzle
667,Mackay,AU,-21.15,149.2,73.38,100,90,6.91,light intensity shower rain
668,Port Macquarie,AU,-31.4333,152.9167,62.56,80,100,6.22,overcast clouds
669,Tommot,RU,58.9564,126.2925,-10.32,98,92,2.37,overcast clouds
670,Okoneshnikovo,RU,54.8377,75.0834,11.1,90,38,6.93,scattered clouds
671,Praia,CV,14.9215,-23.5087,75.74,69,40,24.16,scattered clouds
672,Norden,DE,53.6,7.2,37.38,77,93,20.89,light rain
673,Naryan-Mar,RU,67.6713,53.087,-7.08,100,85,5.75,overcast clouds
